,yield_t_ha,rainfall_mm,flowering_rainfall_mm,tmax_c,heat_stress_days,fertiliser_kg_ha,irrigated,gross_margin_usd_ha,price_usd_per_t
yield_t_ha,1.0,-0.111399071124082,0.03541496729545532,-0.1202979794199103,-0.2396349646833422,0.22882144828940096,0.2775048212036313,0.4580439815002324,-0.5728971554300886
rainfall_mm,-0.111399071124082,1.0,0.8936590009109757,-0.15567539287210586,-0.35157841290628133,-0.07940780611549579,-0.2516052084954785,-0.18583909813731092,-0.13101486940686757
flowering_rainfall_mm,0.03541496729545532,0.8936590009109757,1.0,-0.28408872257003387,-0.575089767281104,-0.054868533736618846,-0.17392802636159496,-0.10834098451455189,-0.2094967648647672
tmax_c,-0.1202979794199103,-0.15567539287210586,-0.28408872257003387,1.0,0.32930688530852875,0.09994577353893024,0.15843964081879358,-0.056313187367725615,0.1068818629665239
heat_stress_days,-0.2396349646833422,-0.35157841290628133,-0.575089767281104,0.32930688530852875,1.0,0.004950239691922332,-0.007433716481056372,-0.06076230573890077,0.22279384431202348
fertiliser_kg_ha,0.22882144828940096,-0.07940780611549579,-0.054868533736618846,0.09994577353893024,0.004950239691922332,1.0,0.16851168274667155,0.17570171706171814,-0.17958517726016351
irrigated,0.2775048212036313,-0.2516052084954785,-0.17392802636159496,0.15843964081879358,-0.007433716481056372,0.16851168274667155,1.0,0.09135956519595749,-0.025432228974935384
gross_margin_usd_ha,0.4580439815002324,-0.18583909813731092,-0.10834098451455189,-0.056313187367725615,-0.06076230573890077,0.17570171706171814,0.09135956519595749,1.0,0.3661490815943459
price_usd_per_t,-0.5728971554300886,-0.13101486940686757,-0.2094967648647672,0.1068818629665239,0.22279384431202348,-0.17958517726016351,-0.025432228974935384,0.3661490815943459,1.0
