Date,Observed,Trend,Seasonal,Residual
2005-01-31,396.5252221456946,380.0357932042501,25.572749545068575,-9.083320603624088
2005-02-28,375.29596616372714,379.83060583734635,-8.809873112542865,4.275233438923635
2005-03-31,367.38784058943736,379.60841709794676,-14.22293445384081,2.0023579453314255
2005-04-30,363.85204902331003,379.37208408902893,-15.115741996611728,-0.4042930691071547
2005-05-31,344.44172192910946,379.1234528297081,-33.32464096414506,-1.357089936453633
2005-06-30,348.4545997589685,378.86475226959277,-26.55470116848263,-3.8554513421416345
2005-07-31,375.8072785708197,378.59961516496065,-11.263705578204828,8.471368984063872
2005-08-31,383.8230708339088,378.3335144487454,-1.6974112517377165,7.186967636901102
2005-09-30,387.06474780714206,378.06824680786906,16.075580151153304,-7.079079151880308
2005-10-31,408.15124820350974,377.7980562743898,27.732729785749665,2.6204621433702755
2005-11-30,402.0134387856451,377.5054415335853,24.11543020053845,0.39256705152132554
2005-12-31,398.0005636187734,377.1396054382695,16.247745117773647,4.613213062730267
2006-01-31,401.996623353439,377.0342665152436,18.87435906234502,6.087997775850397
2006-02-28,365.83351231479395,377.1419065752253,0.7704297468791516,-12.078824007310459
2006-03-31,352.9370741318532,377.39889475568265,-15.948793927148365,-8.513026696681095
2006-04-30,352.56543365663254,377.7885181762178,-17.589678278664383,-7.633406240920863
2006-05-31,344.5239699462678,378.30891612763617,-31.60812495672817,-2.176821224640207
2006-06-30,360.401483830881,378.96096801655744,-24.508559217433934,5.949075031757445
2006-07-31,360.46970570682026,379.72189014324977,-11.73272235311163,-7.519462083317876
2006-08-31,370.6455310343974,380.56299844731075,2.0329327387750413,-11.950400151688427
2006-09-30,414.22062566874587,381.4981930450474,16.334245314814016,16.388187308884426
2006-10-31,408.5111337571962,382.53582978579306,22.887599738140704,3.087704233262457
2006-11-30,415.64850531671266,383.68746601571684,22.479139818101725,9.481899482894107
2006-12-31,396.1967924872923,384.8798162033279,19.619739974237916,-8.30276369027348
2007-01-31,403.4441699992401,386.01893290937653,11.751209764311106,5.6740273255524585
2007-02-28,394.37003937684176,387.12313674742705,9.151533871483977,-1.9046312420692857
2007-03-31,366.6843810940278,388.2153311292123,-18.430524904976032,-3.100425130208464
2007-04-30,369.47019021962336,389.49464155855276,-21.172908085108684,1.1484567461793063
2007-05-31,356.38406036674024,391.9272720356,-30.489813876454875,-5.053397792404894
2007-06-30,363.36301744917944,396.84021573939157,-22.45616118017443,-11.021037110037696
2007-07-31,371.8689397075454,404.8678212641403,-12.006483189995583,-20.992398366599275
2007-08-31,411.49102364126685,415.2823411567926,5.418845959165693,-9.210163474691456
2007-09-30,408.872615290842,426.6134518030897,16.814523756631928,-34.555360268879554
2007-10-31,409.406758730018,437.73123628329233,19.41367039768425,-47.73814795095859
2007-11-30,433.47603628707054,448.2932427860113,22.546388187734983,-37.363594686675754
2007-12-31,407.69171731497005,458.5738505860529,23.364417336630158,-74.246550607713
2008-01-31,567.0229041478051,469.11046655582044,4.935262029628019,92.97717556235665
2008-02-29,515.8099768736703,480.30042557692684,15.860670519095676,19.648880777647776
2008-03-31,503.3977156283911,492.0227781334806,-20.500795155254693,31.875732650165162
2008-04-30,507.28930278566884,503.0909159596124,-24.693674462758754,28.89206128881517
2008-05-31,508.20387118336527,511.55821992777754,-29.296979669785426,25.94263092537318
2008-06-30,506.96757858115325,513.9906845028968,-20.629679500202236,13.606573578458665
2008-07-31,519.1815302316105,509.54899305575674,-11.613657936899921,21.246195112753696
2008-08-31,538.2994009613674,501.40089079937206,9.852986635861903,27.045523526133366
2008-09-30,543.2274971283005,492.34383351097904,16.130846091218178,34.752817526103286
2008-10-31,569.522563183026,483.4977674506944,14.11898517099927,71.90581056133232
2008-11-30,579.0270702954666,475.210819944931,20.8852988643487,82.93095148618693
2008-12-31,595.2867807156773,467.1176318499579,27.259268964730218,100.90987990098915
2009-01-31,432.51146281483744,458.6115941720052,2.665816198107644,-28.765947555275375
2009-02-28,394.1602199275322,449.4617886990117,16.853836041611792,-72.15540481309131
2009-03-31,399.04803822061183,439.5158737121477,-23.524854675901683,-16.9429808156342
2009-04-30,380.0723647560715,429.2749888343545,-28.026833469443723,-21.175790608839236
2009-05-31,372.92780819183946,420.806228747046,-28.76310744816479,-19.115313107041743
2009-06-30,389.63543867661076,416.1179576625633,-20.83644420497408,-5.646074780978438
2009-07-31,406.0436903690092,414.650498828534,-11.301954956403213,2.695146496878408
2009-08-31,421.9342342910923,414.5776805957862,11.716697641573392,-4.3601439462672715
2009-09-30,419.83064564102597,414.8716403296122,14.979940298050924,-10.020934986637144
2009-10-31,437.49331669299755,415.3844082350892,15.077784634618535,7.031123823289818
2009-11-30,449.0089721296544,416.1293826075688,25.825040832090874,7.0545486899947605
2009-12-31,451.65460838729854,417.0973661112027,35.66056701745991,-1.1033247413640765
2010-01-31,432.21771406759365,418.19450545087767,5.184992460852755,8.838216155863222
2010-02-28,418.6805099772541,419.3043035026622,17.38134685613883,-18.005140381546937
2010-03-31,392.63889156136605,420.2986203123723,-33.02183234478331,5.3621035937770785
2010-04-30,379.7829765785658,421.1382172677996,-30.206273361843532,-11.14896732739021
2010-05-31,394.8430638493636,421.86262553178085,-32.651963940182696,5.6324022577654205
2010-06-30,404.76444624857885,422.5435381536931,-25.125302927467,7.3462110223527475
2010-07-31,403.0805962271356,423.2412564177848,-17.429914946948024,-2.7307452437012216
2010-08-31,431.18583965753237,424.0267561876374,7.416532984650282,-0.257449514755308
2010-09-30,441.41319727888214,424.94909158907024,8.911224076160792,7.5528816136510954
2010-10-31,442.5211953963025,425.9799112718235,13.220688487369218,3.320595637109818
2010-11-30,458.387897477735,427.02317503096197,39.618623536536326,-8.253901089763303
2010-12-31,467.0694328426716,428.01208441086777,42.23989504333965,-3.1825466115358267
2011-01-31,449.12526391117007,428.93883338330687,26.267366366155237,-6.080935838292021
2011-02-28,449.14582480317534,429.8814999470477,22.322835330273374,-3.0585104741457485
2011-03-31,387.7723127709041,430.9393135391657,-46.73374400296546,3.5667432347038357
2011-04-30,410.55811870279285,432.5428674607112,-24.210460360329247,2.225711602410911
2011-05-31,398.52465886639493,435.8536341307403,-37.35300485562382,0.024029591278406315
2011-06-30,399.2847920568911,441.9496316510306,-31.374599197309067,-11.290240396830427
2011-07-31,415.9007166394662,452.0033431785125,-24.909337927390744,-11.193288611655532
2011-08-31,410.7607622960405,465.0797803458381,3.2956112887460836,-57.61462933854369
2011-09-30,447.05916802715296,478.51786549368256,9.220923884456585,-40.67962135098617
2011-10-31,466.3110005072981,490.9077486144457,18.514261617229998,-43.111009724377595
2011-11-30,484.0650850510953,502.35905743461325,49.71020747271716,-68.00417985623511
2011-12-31,456.1962871762,513.3642176513506,45.8923397908134,-103.06027026596405
2012-01-31,607.5037795833221,524.4992000672104,23.643525784243998,59.36105373186763
2012-02-29,588.7100707237312,536.1817746352057,23.79822623703955,28.73006985148595
2012-03-31,585.439127733917,548.9355600694781,-52.26418455693514,88.76775222137394
2012-04-30,559.4439214792377,562.6537944509311,-22.62328496295592,19.413411991262592
2012-05-31,541.2292762632081,575.2209407251546,-41.16735606051917,7.175691598572712
2012-06-30,562.0035478680927,583.6677114357019,-33.223758080844725,11.559594513235538
2012-07-31,573.7301087165248,586.5020259331901,-28.528708684118037,15.756791467452672
2012-08-31,610.6259945903391,583.8499013917192,-0.9005571993428855,27.676650397962817
2012-09-30,609.1537036988358,576.8718378412107,10.05306115694172,22.22880470068344
2012-10-31,632.2717111906729,566.8184731216617,19.83515571778862,45.6180823512226
2012-11-30,637.5719047302114,555.5105254170896,56.14596477632857,25.91541453679315
2012-12-31,614.1692339144249,544.6733790445265,45.91238440523028,23.583470464668153
2013-01-31,475.47334856546655,534.8475799727282,26.676844770276556,-86.05107617753822
2013-02-28,456.78807660496346,525.6727746764241,17.814667065379655,-86.69936513684024
2013-03-31,435.72887889841667,516.1910812561119,-52.19291051080572,-28.269291846889587
2013-04-30,419.9070819357199,505.7943323938685,-26.49075292960218,-59.39649752854643
2013-05-31,402.746490096063,494.59504918578864,-41.52524043203959,-50.32331865768606
2013-06-30,417.94238081117396,483.25541724812035,-27.422878274110026,-37.89015816283637
2013-07-31,431.94039588454405,472.82512562758444,-29.082961227468914,-11.801768515571496
2013-08-31,444.72387155383836,464.5881838537679,-2.5918482005369903,-17.272464099392494
2013-09-30,470.07619480425404,459.4901081531969,13.441851525563346,-2.8557648745061783
2013-10-31,490.17006326550813,457.72383144953415,24.789471107563724,7.656760708410275
2013-11-30,513.244349358646,458.0570533796224,58.30794515652747,-3.1206491775038785
2013-12-31,487.3861637776736,459.1095991008078,43.520024733707174,-15.2434600568414
2014-01-31,486.67123601883026,460.40625072319096,30.19934183105545,-3.934356535416157
2014-02-28,464.0939918848802,461.7689268834125,8.967687216835746,-6.642622215368078
2014-03-31,424.94936119046025,463.0465863133835,-43.889367511154894,5.792142388231639
2014-04-30,432.45917694108874,464.26296051282736,-31.42523765049794,-0.3785459212406863
2014-05-31,428.40670778308447,465.46036901211033,-40.78749938516255,3.7338381561366987
2014-06-30,459.3949768853675,466.7070611265085,-21.218431196625573,13.906346955484537
2014-07-31,444.2144153003998,467.93621364681144,-27.266189800419745,3.544391454008121
2014-08-31,468.46453140714164,469.1198292643855,-6.556677646372533,5.901379789128669
2014-09-30,483.13809539113305,470.20454044118003,16.609316034356432,-3.6757610844034048
2014-10-31,482.64680894345867,471.0663265486324,26.440314425998213,-14.859832031171948
2014-11-30,516.502984131056,471.65959399468665,39.303036810803555,5.540353325565775
2014-12-31,506.5186927078813,471.9822500698391,33.00514596691674,1.5312966711254603
2015-01-31,502.6764541598215,472.10516398297926,24.944123672730164,5.627166504112097
2015-02-28,463.1940660829032,472.1555872790172,2.716991925807693,-11.678513121921696
2015-03-31,470.96799716359754,472.25571275398056,-23.900166737556358,22.612451147173317
2015-04-30,425.6720029535759,472.4823951628577,-27.02550174198808,-19.784890467293735
2015-05-31,442.4495532644259,472.85047621898565,-38.32082979894412,7.919906844384343
2015-06-30,465.2890422537894,473.327087642277,-17.74439611049552,9.706350722007926
2015-07-31,443.7432130644016,473.8642180208367,-22.42415764701789,-7.696847309417251
2015-08-31,467.25941872119097,474.40331522621364,-11.104945995933301,3.961049490910625
2015-09-30,494.1564260354168,474.9532129463336,40.174044211585084,-20.97083112250192
2015-10-31,500.4280678592704,475.6235391520216,25.422272793738387,-0.6177440864895516
2015-11-30,492.0430674959614,476.4564711648624,16.883387166310953,-1.2967908352119935
2015-12-31,507.6759001825784,477.47941821371927,21.75853414165427,8.43794782720488
2016-01-31,491.2505947570747,478.79941307942147,19.49392717260422,-7.042745494951021
2016-02-29,490.9884213914235,480.45434738695656,10.0182975262051,0.5157764782618415
2016-03-31,455.1260386826088,482.3879548411475,-27.131986709796685,-0.1299294487420184
2016-04-30,469.1243084528689,484.566366489902,-12.719259834336489,-2.7227982026966515
2016-05-31,437.68220238454575,486.8911883431521,-46.32392394765284,-2.885062010953561
2016-06-30,447.98832341351863,489.38230988650116,-27.848626651396348,-13.545359821586203
2016-07-31,475.30759339829103,492.5036890274059,-22.04120516836942,4.8451095392545085
2016-08-31,470.31151881580746,496.69095432038995,-19.237097454258194,-7.14233805032427
2016-09-30,507.52267091381526,502.1993447044926,73.57818075280906,-68.25485454348637
2016-10-31,535.8175340687943,509.1096736500323,22.71058080226766,3.9972796164943247
2016-11-30,503.0021422187745,517.475443428658,9.47691069186813,-23.950211901751572
2016-12-31,521.2568574306417,526.5663155567263,16.86306785629196,-22.1725259823765
2017-01-31,708.2250597964343,534.8517151652679,11.864870932921635,161.50847369824464
2017-02-28,689.8141175188548,542.3189211898786,50.7953584702587,96.6998378587175
2017-03-31,629.4403948767917,548.7406830155084,-43.510498006710776,124.2102098679942
2017-04-30,608.9265088667771,552.6998920122711,-11.112887560170929,67.33950441467698
2017-05-31,630.5848282749149,555.2754513859796,-60.461692327778195,135.7710692167135
2017-06-30,634.3896552623328,557.258049315915,-40.00227835507862,117.13388430149644
2017-07-31,653.5937336802097,560.5532300939373,-23.649503535921824,116.69000712219417
2017-08-31,682.4498663083278,567.2455805029979,-28.339754804603654,143.54404060993363
2017-09-30,691.69083241178,574.6845773513711,104.72613511738827,12.280119943020622
2017-10-31,727.6659858168916,575.094206826985,17.73103609569674,134.84074289420994
2017-11-30,736.0707917126732,568.7341379240795,7.455218879421094,159.88143490917264
2017-12-31,710.5450870100038,561.4885287935592,13.650917263892238,135.4056409525524
2018-01-31,557.9752128121862,554.8569206826648,3.1884339902568932,-0.07014186073547535
2018-02-28,518.6767390517851,549.2440437641286,84.64427259136991,-115.2115773037134
2018-03-31,477.444314718715,545.0524512743411,-56.67222123264179,-10.935915322984329
2018-04-30,484.9211168535894,542.0133140916541,-24.529163311644492,-32.563033926420246
2018-05-31,460.10475212450643,539.9891948096089,-67.00229613777448,-12.88214654732792
2018-06-30,486.47799342855416,539.1819907588837,-45.437996913147906,-7.266000417181658
2018-07-31,506.3539678429414,539.8459376882296,-26.623217045204747,-6.868752800083371
2018-08-31,502.0873800882777,541.8336549366628,-32.773287303171884,-6.972987545213186
2018-09-30,545.94830216592,544.566402730041,131.72818667788442,-130.34628724200536
2018-10-31,553.7751240005689,548.0554782882404,7.686573769192157,-1.966928056863594
2018-11-30,564.9904552765923,552.459303466085,13.56565484486456,-1.034503034357158
2018-12-31,574.1104966555474,557.6229246423021,16.67030109744726,-0.1827290842019238
2019-01-31,724.789560527183,563.1578919818947,-7.64504801729211,169.2767165625803
2019-02-28,688.0015098038225,568.7727880890955,118.36833400692522,0.8603877078018058
2019-03-31,658.1964159669984,574.0121343956688,-69.19249124208233,153.376772813412
2019-04-30,639.3225761810165,577.8350477206983,-46.3353409778145,107.82286943813267
2019-05-31,643.8741089220536,580.3120766883972,-73.47698677063407,137.03901900429048
2019-06-30,658.1993756720185,581.2347608808883,-48.998092414481874,125.9627072056121
2019-07-31,677.8226642936606,581.4425230100247,-30.381577159067536,126.76171844270345
2019-08-31,715.7156114020773,582.3382405100306,-32.368325445737824,165.74569633778458
2019-09-30,729.500419755365,584.9755295519957,121.59575319870304,22.929137004666245
2019-10-31,777.042732920749,589.1892186733893,40.369384939489215,147.4841293078705
2019-11-30,752.3012713326308,592.5207821162033,54.47832204538901,105.30216717103838
2019-12-31,800.7856926807987,592.182558703841,57.712992008377284,150.89014196858045
2020-01-31,564.6820046412859,587.2078470956535,-29.834713459025227,7.30887100465759
2020-02-29,523.1454592579819,581.2268285681076,47.22755978415128,-105.308929094277
2020-03-31,499.4773289108888,575.3433995132624,-74.15392165235971,-1.7121489500138978
2020-04-30,503.5646406451212,569.4853760246434,-65.99564587388632,0.07491049436407593
2020-05-31,489.08562708868874,563.5944180612483,-69.82902031160128,-4.679770660958297
2020-06-30,506.4446365265215,557.6690959521459,-47.08108873528757,-4.1433706903368375
2020-07-31,519.2891879191126,555.024150179662,-28.56944981240191,-7.165512448147524
2020-08-31,533.628039033329,569.8974047763026,-22.202337437815554,-14.067028305158033
2020-09-30,544.215331213045,594.968757446381,106.37918914141068,-157.13261537474665
2020-10-31,549.9910022179624,614.6913004416001,73.92633921039109,-138.6266374340288
2020-11-30,570.9244090006091,628.7031455740001,96.05749262925409,-153.8362292026451
2020-12-31,583.8784595996267,639.6068468986986,99.13061027559678,-154.85899757466865
2021-01-31,771.321819205086,649.0399791493498,-56.466341499345376,178.7481815550815
2021-02-28,714.7323737501887,659.0781232597019,-24.41521431413988,80.0694648046267
2021-03-31,711.2650113045846,672.899541003662,-80.41378727377793,118.77925757470064
2021-04-30,693.2112305507133,695.1057905589822,-78.12844098020686,76.23388097193788
2021-05-31,663.6939201493551,723.6554212137825,-73.29301921362008,13.331518149192675
2021-06-30,689.2359648969648,736.5322478582219,-47.12620394244151,-0.17007901881561338
2021-07-31,709.2294316836753,729.1380723833757,-29.95764686187041,10.04900616217003
2021-08-31,716.6276997858889,717.7108298283026,-16.775595337518197,15.692465295104512
2021-09-30,774.0779181532479,705.9522365815193,71.51040254817717,-3.384720976448534
2021-10-31,799.8758917268223,694.1142386150655,101.0905226481346,4.6711304636221485
2021-11-30,818.2960189521102,682.2742361531892,130.69859647372022,5.323186325200709
2021-12-31,809.5984066531105,670.4163609636091,133.352182903811,5.829862785690352
2022-01-31,565.6506622032392,658.4708938076775,-72.29494564550392,-20.52528595893432
2022-02-28,550.0889285193058,646.3663962171381,2.1871472590127015,-98.46461495684503
2022-03-31,547.7267322508501,634.0998253825989,-90.15750746120374,3.7844143294549895
2022-04-30,531.0035329295544,621.7900167246186,-85.64438502044877,-5.14209877461542
2022-05-31,524.9049459731012,609.6574895505356,-78.63977329081585,-6.11277028661857
2022-06-30,574.7662136133806,597.8510571850182,-55.12044483404233,32.035601262404725
2022-07-31,548.4818447613309,586.4326771579923,-20.11199327018384,-17.838839126477637
2022-08-31,579.287232473994,580.3084726110395,-5.325445827366488,4.304205690320941
2022-09-30,599.799593610574,599.8147958702194,57.40224932063238,-57.41745158027777
2022-10-31,612.1307067757236,629.0743630942948,108.67409780156383,-125.61775412013498
2022-11-30,603.5644847084864,646.7115275750997,128.40666168854003,-171.55370455515333
2022-12-31,613.7506212801284,657.5298571266279,129.63795173833046,-173.41718758483
2023-01-31,791.6229193955729,665.4669675859948,-79.54633416048115,205.70228597005928
2023-02-28,771.5767172772271,672.764845179684,-29.886289895175906,128.69816199271895
2023-03-31,736.0837215103599,681.8692196618501,-89.80067277905147,144.01517462756124
2023-04-30,723.875883247435,697.3661954680359,-83.60566724370197,110.11535502310107
2023-05-31,755.3994391078976,725.2211757011149,-75.20960030105402,105.38786370783669
2023-06-30,688.6745613082123,751.181196773412,-55.01049440192297,-7.496141063276696
2023-07-31,757.9088789421049,751.7457729813052,-3.075672815937929,9.238778776737604
2023-08-31,744.8783934153763,741.2834985593727,12.425190420213177,-8.830295564209564
2023-09-30,797.695089325358,728.9820117453149,47.75260555559109,20.960472024451974
2023-10-31,852.5410677464574,715.9710117687638,112.48246062618304,24.087595351510572
2023-11-30,839.6128715054228,702.4502400352595,124.33614877268043,12.826482697482902
2023-12-31,807.5850208881554,688.483952599006,133.2484815429914,-14.147413253841933
2024-01-31,601.5434483512337,674.0358807619011,-83.79635926961939,11.303926858951968
2024-02-29,598.944955717334,658.339838705359,-60.91996654946019,1.5250835614351672
2024-03-31,555.0579680115286,642.4846337372514,-89.07757819269933,1.6509124669764788
2024-04-30,551.1022504253933,626.5975334295529,-80.68568787989402,5.19040487573443
2024-05-31,542.4411010238729,610.6796717407184,-71.93388829813192,3.6953175812864174
2024-06-30,539.2068908993809,594.7225622368261,-56.05724904330048,0.5415777058552749
2024-07-31,595.6850106246678,578.72015727864,14.424557740602934,2.5402956054248307
2024-08-31,598.2724062231257,562.6693351688008,29.392623589681918,6.210447464643039
2024-09-30,581.4866560252101,546.5677531365678,39.69550211451928,-4.776599225877021
2024-10-31,632.6772536185293,530.4128715731341,115.25959542287336,-12.99521337747808
2024-11-30,625.5307313021153,514.2064258078225,119.36097593589213,-8.036670441599313
2024-12-31,643.1621243179396,497.9573717375006,136.8347611626465,8.369991417792562
