Date,State,Crop,Crop_Area_Hectares,Production_Tonnes,Yield_Tonnes_Per_Hectare,Rainfall_mm,Temperature_C,Market_Price_Per_Tonne
2023-01-10,Punjab,Wheat,150.0,675.0,4.50,65.5,14.2,2250.0
2023-01-12, Haryana ,Wheat,210.5,968.3,4.60,58.0,15.0,2280.0
2023-01-15,punjab, wheat ,180.0,810.0,4.50,72.0,13.8,"₹2,300"
2023-01-18,Uttar Pradesh,Wheat,320.0,1280.0,4.00,45.0,16.5,2150.0
2023-01-20,Madhya Pradesh,Wheat,250.0,875.0,3.50,30.0,18.2,2200.0
2023-01-22,Rajasthan,Mustard,140.0,238.0,1.70,22.5,17.0,5100.0
2023-01-25, Gujarat ,Mustard,110.0,198.0,1.80,15.0,19.5,5250.0
2023-01-28,Haryana,MUSTARD,135.0,243.0,1.80,28.0,16.2,5050.0
2023-02-02,Maharashtra,Sugarcane,280.0,21000.0,75.00,110.0,24.5,3150.0
2023-02-05,Uttar Pradesh,Sugarcane,450 ha,33750.0,75.00,95.0,22.0,3200.0
2023-02-08, Karnataka ,Sugarcane,220.0,16500.0,75.00,-35.0,26.8,3100.0
2023-02-12,Tamil Nadu,Sugarcane,190.0,14630.0,77.00,145.0,28.5,3250.0
2023-02-15,Andhra Pradesh,Rice,175.0,665.0,3.80,180.0,27.2,2400.0
2023-02-18,West Bengal,Rice,260.0,1040.0,4.00,220.0,115.0,2350.0
2023-02-22,punjab,Rice,310.0,1395.0,4.50,160.0,25.0,2500.0
2023-02-25,Bihar,Rice,195.0,682.5,3.50,190.0,26.4,2200.0
2023-03-01,Madhya Pradesh,Soybean,-45.0,360.0,0.00,85.0,28.0,4600.0
2023-03-05,Maharashtra,Soybean,310.0,620.0,2.00,95.0,29.5,4750.0
2023-03-08,Rajasthan,Soybean,125.0,225.0,1.80,60.0,30.2,4550.0
2023-03-12,Gujarat,Cotton,290.0,522.0,1.80,75.0,31.0,6400.0
2023-03-15,Maharashtra,Cotton,340.0,-150.0,0.00,80.0,32.5,6600.0
2023-03-18,Telangana,Cotton,275.0,550.0,2.00,90.0,33.0,6500.0
2023-03-22,Haryana,Cotton,160.0,336.0,2.10,65.0,29.0,6300.0
2023-03-25,Karnataka,Maize,150.0,600.0,4.00,110.0,27.5,2100.0
2023-03-28,Bihar,Maize,180.0,810.0,4.50,130.0,26.0,1950.0
2023-04-02,Madhya Pradesh,Maize,220.0,880.0,4.00,95.0,30.0,2050.0
2023-04-05,Rajasthan,Pulses,130.0,156.0,1.20,40.0,31.5,"₹6,200"
2023-04-08,Maharashtra,Pulses,175.0,227.5,1.30,55.0,32.0,6400.0
2023-04-12,Madhya Pradesh,pulses,210.0,273.0,1.30,45.0,33.5,
2023-04-15,Uttar Pradesh,Pulses,160.0,192.0,1.20,50.0,32.0,6100.0
2023-04-18,Punjab,Wheat,170.0,799.0,4.70,40.0,24.0,2275.0
2023-04-22,Haryana,,195.0,877.5,4.50,35.0,25.2,2290.0
2023-04-25,Uttar Pradesh,Wheat,290.0,1160.0,4.00,30.0,27.0,2180.0
2023-04-28,,Wheat,240.0,840.0,3.50,25.0,28.5,2210.0
2023-02-12,Tamil Nadu,Sugarcane,190.0,14630.0,77.00,145.0,28.5,3250.0
2023-05-02,Rajasthan,Mustard,155.0,263.5,1.70,18.0,32.0,5150.0
2023-05-06,Gujarat,Mustard,120.0,204.0,1.70,12.0,-45.0,5300.0
2023-05-10,Haryana,Mustard,145.0,246.5,1.70,20.0,33.0,5120.0
2023-05-14,MAHARASHTRA,Sugarcane,300.0,"22,500.0",75.00,85.0,31.0,3180.0
2023-05-18,Uttar Pradesh,sugarcane,420.0,31080.0,74.00,70.0,32.5,3220.0
2023-05-22,Karnataka,Sugarcane,210.0,15960.0,76.00,95.0,30.5,3120.0
2023-05-26,Tamil Nadu,Sugarcane,185.0,14060.0,76.00,120.0,32.0,3240.0
2023-05-30,Andhra Pradesh,Rice,190.0,741.0,3.90,,33.5,2420.0
2023-06-03,West Bengal,Rice,280.0,1148.0,4.10,250.0,31.0,2380.0
2023-06-07,Punjab,Rice,330.0,1518.0,4.60,180.0,34.0,2520.0
2023-06-11,Bihar,Rice,210.0,756.0,3.60,210.0,32.0,2250.0
2023-06-15,Madhya Pradesh,Soybean,,640.0,2.00,140.0,31.0,4700.0
2023-06-19,Maharashtra,Soybean,325.0,682.5,2.10,160.0,30.0,4800.0
2023-06-23,Rajasthan,Soybean,135.0,243.0,1.80,110.0,33.0,4600.0
2023-06-27,Gujarat,COTTON,305.0,579.5,1.90,130.0,32.5,6450.0
2023-07-01,Maharashtra,Cotton,360.0,684.0,1.90,175.0,30.0,6650.0
2023-07-05,Telangana,cotton,290.0,609.0,2.10,190.0,29.5,6550.0
2023-07-09,Haryana,Cotton,170.0,374.0,0.00,120.0,31.5,6350.0
2023-07-13,Karnataka,Maize,165.0,693.0,4.20,150.0,28.0,2120.0
2023-07-17,Bihar,Maize,190.0,874.0,4.60,220.0,29.0,1980.0
2023-07-21,Madhya Pradesh,Maize,235.0,987.0,4.20,180.0,28.5,2080.0
2023-07-25,Rajasthan,Pulses,140.0,182.0,1.30,90.0,31.0,6250.0
2023-03-25,Karnataka,Maize,150.0,600.0,4.00,110.0,27.5,2100.0
2023-07-29,Maharashtra,Pulses,185.0,249.8,1.35,125.0,29.0,6450.0
2023-08-02,Madhya Pradesh,Pulses,225.0,315.0,1.40,140.0,28.0,6150.0
2023-08-06,Uttar Pradesh,Pulses,170.0,221.0,1.30,110.0,30.0,28500.0
2023-08-10,Punjab,Wheat,160.0,736.0,4.60,80.0,29.0,2260.0
2023-08-14,Haryana,Wheat,205.0,922.5,4.50,75.0,30.0,$2300
2023-08-18,Uttar Pradesh,wheat,305.0,1250.5,4.10,90.0,31.0,2170.0
2023-08-22,Madhya Pradesh,Wheat,260.0,936.0,3.60,105.0,29.5,2220.0
2023-08-26,Rajasthan,Mustard,150.0,270.0,1.80,50.0,31.0,5180.0
2023-08-30,Gujarat,Mustard,125.0,225.0,1.80,65.0,30.5,5280.0
2023-09-03,Haryana,Mustard,140.0,,1.75,70.0,28.5,5100.0
2023-09-07,Maharashtra,Sugarcane,380.0,32300.0,85.00,210.0,27.0,3250.0
2023-09-11,Uttar Pradesh,Sugarcane,430.0,32250.0,75.00,180.0,28.0,3210.0
2023-09-15,Karnataka,Sugarcane,230.0,17480.0,76.00,160.0,26.5,3140.0
2023-09-19,Tamil Nadu,Sugarcane,195.0,14820.0,76.00,190.0,29.0,3260.0
2023-09-23,Andhra Pradesh,Rice,185.0,721.5,3.90,N/A,28.5,2410.0
2023-09-27,West Bengal,Rice,275.0,1100.0,4.00,1850.0,27.0,2370.0
2023-10-01,Punjab,Rice,320.0,1472.0,4.60,95.0,26.0,2530.0
2023-10-05,Bihar,Rice,205.0,738.0,3.60,130.0,27.5,2240.0
2023-10-09,Madhya Pradesh,Soybean,300.0,630.0,2.10,40.0,26.0,4720.0
2023-10-13,Maharashtra,Soybean,315.0,630.0,2.00,50.0,27.0,4780.0
2023-05-26,Tamil Nadu,Sugarcane,185.0,14060.0,76.00,120.0,32.0,3240.0
2023-10-17,Rajasthan,Soybean,130.0,234.0,1.80,15.0,28.0,4580.0
2023-10-21,Gujarat,Cotton,310.0,589.0,1.90,25.0,29.0,6480.0
2023-10-25,Maharashtra,Cotton,350.0,665.0,1.90,30.0,28.5,6620.0
2023-10-29,Telangana,Cotton,280.0,588.0,2.10,45.0,27.5,6520.0
2023-11-02,Haryana,Cotton,165.0,346.5,2.10,10.0,22.0,6380.0
2023-11-06,Karnataka,Maize,160.0,656.0,4.10,60.0,24.5,2110.0
2023-11-10,Bihar,Maize,185.0,832.5,4.50,35.0,23.0,1970.0
2023-11-14,Madhya Pradesh,Maize,230.0,943.0,4.10,20.0,22.5,2060.0
2023-11-18,Rajasthan,Pulses,135.0,175.5,1.30,5.0,20.0,6220.0
2023-11-22,Maharashtra,Pulses,180.0,234.0,1.30,15.0,23.0,6420.0
2023-11-26,Madhya Pradesh,Pulses,215.0,279.5,-2.50,10.0,21.5,6120.0
2023-11-30,Uttar Pradesh,Pulses,165.0,214.5,1.30,12.0,20.5,6150.0
2023-12-04,Punjab,Wheat,175.0,805.0,4.60,20.0,15.0,2270.0
2023-12-08,Haryana,Wheat,215.0,989.0,4.60,18.0,14.5,2285.0
2023-12-12,Uttar Pradesh,Wheat,315.0,1291.5,4.10,15.0,16.0,2160.0
2023-08-22,Madhya Pradesh,Wheat,260.0,936.0,3.60,105.0,29.5,2220.0
2023-12-16,Madhya Pradesh,Wheat,255.0,892.5,3.50,8.0,17.0,2210.0
2023-12-20,Rajasthan,Mustard,145.0,246.5,1.70,5.0,15.5,5130.0
2023-12-24,Gujarat,Mustard,115.0,207.0,1.80,4.0,18.0,5260.0
2023-12-28,Haryana,Mustard,140.0,238.0,1.70,12.0,14.0,5080.0
2023-12-31,Maharashtra,Sugarcane,290.0,21750.0,75.00,25.0,22.0,3170.0
2024-01-04,Uttar Pradesh,Sugarcane,440.0,33000.0,75.00,20.0,18.5,3210.0
2024-01-08,Karnataka,Sugarcane,215.0,16340.0,76.00,30.0,23.5,3130.0
2024-01-12,Tamil Nadu,Sugarcane,190.0,14440.0,76.00,45.0,25.0,3250.0
2024-01-16,Andhra Pradesh,Rice,180.0,702.0,3.90,55.0,24.0,2415.0
